id,comment_text,user_id,photo_id,created_at
1,unde at dolorem,2,1,2023-05-13T15:14:00Z
2,quae ea ducimus,3,1,2023-05-13T15:14:00Z
3,alias a voluptatum,5,1,2023-05-13T15:14:00Z
4,facere suscipit sunt,14,1,2023-05-13T15:14:00Z
5,totam eligendi quaerat,17,1,2023-05-13T15:14:00Z
6,vitae quia aliquam,21,1,2023-05-13T15:14:00Z
7,exercitationem occaecati neque,24,1,2023-05-13T15:14:00Z
8,sint ad fugiat,31,1,2023-05-13T15:14:00Z
9,nesciunt aut nesciunt,36,1,2023-05-13T15:14:00Z
10,laudantium ut nostrum,41,1,2023-05-13T15:14:00Z
11,omnis aut asperiores,52,1,2023-05-13T15:14:00Z
12,et eum molestias,54,1,2023-05-13T15:14:00Z
13,alias pariatur neque,55,1,2023-05-13T15:14:00Z
14,amet iure adipisci,57,1,2023-05-13T15:14:00Z
15,cum enim repellat,62,1,2023-05-13T15:14:00Z
16,provident dolorem non,63,1,2023-05-13T15:14:00Z
17,eos consequuntur impedit,66,1,2023-05-13T15:14:00Z
18,voluptas nemo blanditiis,71,1,2023-05-13T15:14:00Z
19,id fugit dolores,72,1,2023-05-13T15:14:00Z
20,occaecati tenetur exercitationem,75,1,2023-05-13T15:14:00Z
21,quasi deserunt voluptates,76,1,2023-05-13T15:14:00Z
22,reprehenderit sunt cumque,78,1,2023-05-13T15:14:00Z
23,non impedit ut,87,1,2023-05-13T15:14:00Z
24,voluptatum sit id,91,1,2023-05-13T15:14:00Z
25,tenetur voluptas aspernatur,98,1,2023-05-13T15:14:00Z
26,in veritatis quia,3,2,2023-05-13T15:14:00Z
27,quis facilis ea,5,2,2023-05-13T15:14:00Z
28,quia est sit,14,2,2023-05-13T15:14:00Z
29,voluptatem doloremque accusamus,15,2,2023-05-13T15:14:00Z
30,consectetur inventore quis,18,2,2023-05-13T15:14:00Z
31,sunt dolorem reprehenderit,19,2,2023-05-13T15:14:00Z
32,omnis omnis nulla,21,2,2023-05-13T15:14:00Z
33,ullam in facilis,24,2,2023-05-13T15:14:00Z
34,possimus consequuntur occaecati,28,2,2023-05-13T15:14:00Z
35,voluptas dicta aut,30,2,2023-05-13T15:14:00Z
36,explicabo qui ipsum,31,2,2023-05-13T15:14:00Z
37,qui pariatur dolor,35,2,2023-05-13T15:14:00Z
38,ratione debitis laborum,36,2,2023-05-13T15:14:00Z
39,voluptate id dignissimos,41,2,2023-05-13T15:14:00Z
40,tempore quod possimus,42,2,2023-05-13T15:14:00Z
41,corporis ut necessitatibus,43,2,2023-05-13T15:14:00Z
42,culpa aut aut,47,2,2023-05-13T15:14:00Z
43,rem quia et,48,2,2023-05-13T15:14:00Z
44,eaque dolor velit,54,2,2023-05-13T15:14:00Z
45,non odit rerum,57,2,2023-05-13T15:14:00Z
46,accusamus nobis quod,60,2,2023-05-13T15:14:00Z
47,beatae dicta recusandae,65,2,2023-05-13T15:14:00Z
48,culpa a ut,66,2,2023-05-13T15:14:00Z
49,quis aliquam velit,71,2,2023-05-13T15:14:00Z
50,aspernatur occaecati tempore,75,2,2023-05-13T15:14:00Z
51,vel eos et,76,2,2023-05-13T15:14:00Z
52,quam fugiat tempore,82,2,2023-05-13T15:14:00Z
53,dolor alias aut,85,2,2023-05-13T15:14:00Z
54,ut in eaque,87,2,2023-05-13T15:14:00Z
55,totam nostrum dicta,91,2,2023-05-13T15:14:00Z
56,in saepe sit,95,2,2023-05-13T15:14:00Z
57,necessitatibus ipsam et,5,3,2023-05-13T15:14:00Z
58,non reiciendis nam,14,3,2023-05-13T15:14:00Z
59,modi magnam quia,15,3,2023-05-13T15:14:00Z
60,architecto tempora natus,21,3,2023-05-13T15:14:00Z
61,molestiae iure ullam,24,3,2023-05-13T15:14:00Z
62,adipisci aut dicta,27,3,2023-05-13T15:14:00Z
63,quia dolores voluptatem,35,3,2023-05-13T15:14:00Z
64,incidunt suscipit et,36,3,2023-05-13T15:14:00Z
65,rerum vel ut,37,3,2023-05-13T15:14:00Z
66,aperiam delectus odio,38,3,2023-05-13T15:14:00Z
67,dicta inventore ea,41,3,2023-05-13T15:14:00Z
68,quos est quia,43,3,2023-05-13T15:14:00Z
69,minima est odio,44,3,2023-05-13T15:14:00Z
70,libero odit aut,50,3,2023-05-13T15:14:00Z
71,quia et quod,54,3,2023-05-13T15:14:00Z
72,nobis pariatur qui,57,3,2023-05-13T15:14:00Z
73,nostrum fugiat et,62,3,2023-05-13T15:14:00Z
74,iusto et eius,63,3,2023-05-13T15:14:00Z
75,et placeat ipsam,66,3,2023-05-13T15:14:00Z
76,placeat repudiandae sit,67,3,2023-05-13T15:14:00 Z
77,natus sit harum,70,3,2023-05-13T15:14:00Z
78,consectetur qui at,71,3,2023-05-13T15:14:00Z
79,reiciendis reiciendis ad,75,3,2023-05-13T15:14:00Z
80,dolores accusantium sint,76,3,2023-05-13T15:14:00Z
81,cum adipisci alias,79,3,2023-05-13T15:14:00Z
82,facere dicta est,91,3,2023-05-13T15:14:00Z
83,temporibus qui error,97,3,2023-05-13T15:14:00Z
84,aut rem officia,5,4,2023-05-13T15:14:00Z
85,rerum ea harum,6,4,2023-05-13T15:14:00Z
86,laboriosam eos a,8,4,2023-05-13T15:14:00Z
87,laboriosam aut occaecati,11,4,2023-05-13T15:14:00Z
88,alias sapiente dolore,14,4,2023-05-13T15:14:00Z
89,aut voluptatem distinctio,15,4,2023-05-13T15:14:00Z
90,error voluptatum eius,18,4,2023-05-13T15:14:00Z
91,magni magni aspernatur,20,4,2023-05-13T15:14:00Z
92,laboriosam quidem numquam,21,4,2023-05-13T15:14:00Z
93,ut possimus distinctio,22,4,2023-05-13T15:14:00Z
94,molestiae veritatis aut,24,4,2023-05-13T15:14:00Z
95,vitae iusto labore,26,4,2023-05-13T15:14:00Z
96,id assumenda excepturi,33,4,2023-05-13T15:14:00Z
97,animi ea distinctio,36,4,2023-05-13T15:14:00Z
98,eaque sint veritatis,41,4,2023-05-13T15:14:00Z
99,expedita exercitationem officiis,42,4,2023-05-13T15:14:00Z
100,cupiditate qui facere,47,4,2023-05-13T15:14:00Z
101,est ut quisquam,50,4,2023-05-13T15:14:00Z
102,provident et vel,54,4,2023-05-13T15:14:00Z
103,similique autem quia,57,4,2023-05-13T15:14:00Z
104,dolorum exercitationem tempora,66,4,2023-05-13T15:14:00Z
105,incidunt aut perspiciatis,67,4,2023-05-13T15:14:00Z
106,occaecati assumenda voluptas,71,4,2023-05-13T15:14:00Z
107,vel ipsam ut,75,4,2023-05-13T15:14:00Z
108,ea autem assumenda,76,4,2023-05-13T15:14:00Z
109,quia facilis non,79,4,2023-05-13T15:14:00Z
110,perspiciatis et sit,85,4,2023-05-13T15:14:00Z
111,voluptatem possimus ea,91,4,2023-05-13T15:14:00Z
112,molestiae perferendis quaerat,95,4,2023-05-13T15:14:00Z
113,error consectetur dolor,97,4,2023-05-13T15:14:00Z
114,molestiae quia pariatur,98,4,2023-05-13T15:14:00Z
115,quia omnis ab,100,4,2023-05-13T15:14:00Z
116,doloremque sit totam,5,5,2023-05-13T15:14:00Z
117,aliquid at eum,14,5,2023-05-13T15:14:00Z
118,at est ipsam,17,5,2023-05-13T15:14:00Z
119,optio quidem dolor,21,5,2023-05-13T15:14:00Z
120,dolores voluptates sit,22,5,2023-05-13T15:14:00Z
121,molestiae hic est,24,5,2023-05-13T15:14:00Z
122,possimus quia adipisci,26,5,2023-05-13T15:14:00Z
123,nostrum modi minima,28,5,2023-05-13T15:14:00Z
124,aperiam sint aut,36,5,2023-05-13T15:14:00Z
125,iusto tempora at,41,5,2023-05-13T15:14:00Z
126,quae et ratione,42,5,2023-05-13T15:14:00Z
127,consequatur magnam ut,44,5,2023-05-13T15:14:00Z
128,perspiciatis dolorum ad,48,5,2023-05-13T15:14:00Z
129,ipsa excepturi neque,54,5,2023-05-13T15:14:00Z
130,explicabo nulla sed,57,5,2023-05-13T15:14:00Z
131,nihil voluptas eligendi,60,5,2023-05-13T15:14:00Z
132,porro doloribus corporis,66,5,2023-05-13T15:14:00Z
133,libero ut eveniet,71,5,2023-05-13T15:14:00Z
134,enim ut et,72,5,2023-05-13T15:14:00Z
135,non cumque aliquam,75,5,2023-05-13T15:14:00Z
136,rerum amet assumenda,76,5,2023-05-13T15:14:00Z
137,omnis nihil eligendi,79,5,2023-05-13T15:14:00Z
138,officiis nulla beatae,84,5,2023-05-13T15:14:00Z
139,vitae qui voluptates,91,5,2023-05-13T15:14:00Z
140,ut non ipsam,94,5,2023-05-13T15:14:00Z
141,nostrum nam et,95,5,2023-05-13T15:14:00Z
142,rerum repellendus voluptas,97,5,2023-05-13T15:14:00Z
143,modi ut unde,5,6,2023-05-13T15:14:00Z
144,illum rem dignissimos,6,6,2023-05-13T15:14:00Z
145,vero quis aliquam,11,6,2023-05-13T15:14:00Z
146,ipsam numquam iure,14,6,2023-05-13T15:14:00Z
147,atque porro cum,19,6,2023-05-13T15:14:00Z
148,delectus delectus qui,21,6,2023-05-13T15:14:00Z
149,quisquam itaque quisquam,24,6,2023-05-13T15:14:00Z
150,voluptatem error repellendus,26,6,2023-05-13T15:14:00Z
151,provident facilis esse,36,6,2023-05-13T15:14:00Z
152,sed quia iure,41,6,2023-05-13T15:14:00Z
153,incidunt ipsum voluptatem,46,6,2023-05-13T15:14:00Z
154,eveniet reprehenderit repellendus,47,6,2023-05-13T15:14:00Z
155,quo veritatis error,52,6,2023-05-13T15:14:00Z
156,vel quasi vel,54,6,2023-05-13T15:14:00Z
157,ullam ullam nam,57,6,2023-05-13T15:14:00Z
158,rerum deserunt nisi,61,6,2023-05-13T15:14:00Z
159,voluptatem id molestiae,62,6,2023-05-13T15:14:00Z
160,consequuntur accusamus eligendi,66,6,2023-05-13T15:14:00Z
161,velit fuga voluptates,71,6,2023-05-13T15:14:00Z
162,consequatur provident ratione,73,6,2023-05-13T15:14:00Z
163,impedit explicabo veniam,75,6,2023-05-13T15:14:00Z
164,magnam tempora voluptas,76,6,2023-05-13T15:14:00Z
165,aliquam ut architecto,78,6,2023-05-13T15:14:00Z
166,qui error ut,84,6,2023-05-13T15:14:00Z
167,consectetur quia perferendis,91,6,2023-05-13T15:14:00Z
168,autem atque nam,93,6,2023-05-13T15:14:00Z
169,nulla laboriosam deserunt,97,6,2023-05-13T15:14:00Z
170,qui deleniti incidunt,99,6,2023-05-13T15:14:00Z
171,sed voluptas esse,100,6,2023-05-13T15:14:00Z
172,ea nam laudantium,5,7,2023-05-13T15:14:00Z
173,veritatis aliquam occaecati,9,7,2023-05-13T15:14:00Z
174,vel quo voluptatem,10,7,2023-05-13T15:14:00Z
175,ut ut quisquam,11,7,2023-05-13T15:14:00Z
176,repellat quod odio,14,7,2023-05-13T15:14:00Z
177,porro magnam perspiciatis,19,7,2023-05-13T15:14:00Z
178,quo ex quis,21,7,2023-05-13T15:14:00Z
179,sunt deleniti delectus,24,7,2023-05-13T15:14:00Z
180,dignissimos facilis consequatur,27,7,2023-05-13T15:14:00Z
181,est repellat dolore,33,7,2023-05-13T15:14:00Z
182,impedit quia enim,36,7,2023-05-13T15:14:00Z
183,porro pariatur omnis,40,7,2023-05-13T15:14:00Z
184,alias dolore sed,41,7,2023-05-13T15:14:00Z
185,asperiores ipsum ipsam,42,7,2023-05-13T15:14:00Z
186,quos ut deserunt,54,7,2023-05-13T15:14:00Z
187,assumenda dolorem similique,56,7,2023-05-13T15:14:00Z
188,rem voluptas laboriosam,57,7,2023-05-13T15:14:00Z
189,similique quisquam similique,63,7,2023-05-13T15:14:00Z
190,dolorem tempore iusto,66,7,2023-05-13T15:14:00Z
191,natus minima veritatis,70,7,2023-05-13T15:14:00Z
192,repellat ut est,71,7,2023-05-13T15:14:00Z
193,excepturi consequatur qui,75,7,2023-05-13T15:14:00Z
194,sapiente adipisci aliquam,76,7,2023-05-13T15:14:00Z
195,et quidem iusto,87,7,2023-05-13T15:14:00Z
196,recusandae quos laudantium,91,7,2023-05-13T15:14:00Z
197,fugiat ipsa molestiae,92,7,2023-05-13T15:14:00Z
198,doloribus porro neque,97,7,2023-05-13T15:14:00Z
199,debitis id ullam,2,8,2023-05-13T15:14:00Z
200,ad exercitationem qui,5,8,2023-05-13T15:14:00Z
201,tenetur ab quia,8,8,2023-05-13T15:14:00Z
202,dolores dolor voluptates,14,8,2023-05-13T15:14:00Z
203,ad soluta eveniet,17,8,2023-05-13T15:14:00Z
204,eum dicta temporibus,19,8,2023-05-13T15:14:00Z
205,iusto quibusdam quo,21,8,2023-05-13T15:14:00Z
206,laboriosam illum nobis,24,8,2023-05-13T15:14:00Z
207,ad consequatur id,27,8,2023-05-13T15:14:00Z
208,dolorem non explicabo,30,8,2023-05-13T15:14:00Z
209,magni nobis voluptas,32,8,2023-05-13T15:14:00Z
210,occaecati quia recusandae,33,8,2023-05-13T15:14:00Z
211,eaque dolore quaerat,36,8,2023-05-13T15:14:00Z
212,eum voluptatem non,37,8,2023-05-13T15:14:00Z
213,sequi veritatis sint,39,8,2023-05-13T15:14:00Z
214,fugiat ipsam rerum,41,8,2023-05-13T15:14:00Z
215,iure est error,43,8,2023-05-13T15:14:00Z
216,dolores ab cum,44,8,2023-05-13T15:14:00Z
217,rem occaecati autem,46,8,2023-05-13T15:14:00Z
218,magni ea temporibus,52,8,2023-05-13T15:14:00Z
219,voluptas neque possimus,54,8,2023-05-13T15:14:00Z
220,ut quia ipsam,56,8,2023-05-13T15:14:00Z
221,non dolor reiciendis,57,8,2023-05-13T15:14:00Z
222,ex nesciunt ex,63,8,2023-05-13T15:14:00Z
223,animi earum explicabo,66,8,2023-05-13T15:14:00Z
224,est numquam repellendus,71,8,2023-05-13T15:14:00Z
225,ullam ut porro,72,8,2023-05-13T15:14:00Z
226,ea fuga occaecati,73,8,2023-05-13T15:14:00Z
227,laboriosam ratione excepturi,75,8,2023-05-13T15:14:00Z
228,voluptatem in ut,76,8,2023-05-13T15:14:00Z
229,sequi nobis placeat,82,8,2023-05-13T15:14:00Z
230,voluptate labore sunt,84,8,2023-05-13T15:14:00Z
231,quos modi est,85,8,2023-05-13T15:14:00Z
232,veritatis odit sit,91,8,2023-05-13T15:14:00Z
233,nostrum omnis maxime,93,8,2023-05-13T15:14:00Z
234,est modi exercitationem,94,8,2023-05-13T15:14:00Z
235,ullam totam quia,96,8,2023-05-13T15:14:00Z
236,impedit enim quis,100,8,2023-05-13T15:14:00Z
237,earum et dolorem,2,9,2023-05-13T15:14:00Z
238,et qui dolorem,3,9,2023-05-13T15:14:00Z
239,iure eveniet laboriosam,5,9,2023-05-13T15:14:00Z
240,vel dicta voluptate,14,9,2023-05-13T15:14:00Z
241,ut illum optio,19,9,2023-05-13T15:14:00Z
242,rerum doloribus voluptas,21,9,2023-05-13T15:14:00Z
243,quia nobis rerum,24,9,2023-05-13T15:14:00Z
244,tempore nihil qui,26,9,2023-05-13T15:14:00Z
245,neque ipsam nemo,36,9,2023-05-13T15:14:00Z
246,a deserunt suscipit,40,9,2023-05-13T15:14:00Z
247,accusantium aliquid perspiciatis,41,9,2023-05-13T15:14:00Z
248,odio aut non,50,9,2023-05-13T15:14:00Z
249,blanditiis qui reiciendis,54,9,2023-05-13T15:14:00Z
250,voluptatibus sit iure,57,9,2023-05-13T15:14:00Z
251,minus quos eum,61,9,2023-05-13T15:14:00Z
252,ipsam dolor amet,65,9,2023-05-13T15:14:00Z
253,ullam voluptas dolorem,66,9,2023-05-13T15:14:00Z
254,esse esse porro,69,9,2023-05-13T15:14:00Z
255,et velit et,71,9,2023-05-13T15:14:00Z
256,voluptatem ut quasi,75,9,2023-05-13T15:14:00Z
257,et facere soluta,76,9,2023-05-13T15:14:00Z
258,similique facere maiores,85,9,2023-05-13T15:14:00Z
259,officia ut voluptatem,91,9,2023-05-13T15:14:00Z
260,debitis nisi doloremque,95,9,2023-05-13T15:14:00Z
261,et non odio,98,9,2023-05-13T15:14:00Z
262,iure veniam corporis,2,10,2023-05-13T15:14:00Z
263,explicabo qui sit,5,10,2023-05-13T15:14:00Z
264,quis autem qui,9,10,2023-05-13T15:14:00Z
265,pariatur maxime voluptatem,12,10,2023-05-13T15:14:00Z
266,voluptatem rerum vel,14,10,2023-05-13T15:14:00Z
267,magnam ut dolore,21,10,2023-05-13T15:14:00Z
268,soluta ipsum iusto,24,10,2023-05-13T15:14:00Z
269,nihil eligendi quia,26,10,2023-05-13T15:14:00Z
270,commodi aspernatur tempora,36,10,2023-05-13T15:14:00Z
271,sint et aliquid,38,10,2023-05-13T15:14:00Z
272,dolor quisquam ut,41,10,2023-05-13T15:14:00Z
273,doloribus aut ut,46,10,2023-05-13T15:14:00Z
274,excepturi et quaerat,54,10,2023-05-13T15:14:00Z
275,soluta voluptate iste,57,10,2023-05-13T15:14:00Z
276,veniam nihil saepe,66,10,2023-05-13T15:14:00Z
277,et illo ratione,67,10,2023-05-13T15:14:00Z
278,minus qui nobis,71,10,2023-05-13T15:14:00Z
279,hic repudiandae voluptates,73,10,2023-05-13T15:14:00Z
280,pariatur eaque ratione,75,10,2023-05-13T15:14:00Z
281,qui eveniet aliquam,76,10,2023-05-13T15:14:00Z
282,corporis explicabo temporibus,84,10,2023-05-13T15:14:00Z
283,illo tempora sunt,87,10,2023-05-13T15:14:00Z
284,est iure sed,91,10,2023-05-13T15:14:00Z
285,iusto aliquid ut,100,10,2023-05-13T15:14:00Z
286,consectetur iste ex,3,11,2023-05-13T15:14:00Z
287,rerum et omnis,5,11,2023-05-13T15:14:00Z
288,doloribus cupiditate eos,14,11,2023-05-13T15:14:00Z
289,sequi corrupti beatae,20,11,2023-05-13T15:14:00Z
290,ipsum suscipit blanditiis,21,11,2023-05-13T15:14:00Z
291,placeat est dolore,24,11,2023-05-13T15:14:00Z
292,quae perspiciatis in,27,11,2023-05-13T15:14:00Z
293,voluptatibus aut ut,31,11,2023-05-13T15:14:00Z
294,ut voluptatem minus,36,11,2023-05-13T15:14:00Z
295,repellat dolorum alias,38,11,2023-05-13T15:14:00Z
296,modi suscipit voluptatum,41,11,2023-05-13T15:14:00Z
297,neque excepturi veritatis,50,11,2023-05-13T15:14:00Z
298,vel ut iste,52,11,2023-05-13T15:14:00Z
299,voluptatum culpa vero,54,11,2023-05-13T15:14:00Z
300,corporis eius neque,55,11,2023-05-13T15:14:00Z
301,corporis et aliquid,57,11,2023-05-13T15:14:00Z
302,molestiae cumque culpa,66,11,2023-05-13T15:14:00Z
303,molestiae dolor exercitationem,71,11,2023-05-13T15:14:00Z
304,ut quia voluptate,73,11,2023-05-13T15:14:00Z
305,illo dolor qui,75,11,2023-05-13T15:14:00Z
306,eos consectetur reiciendis,76,11,2023-05-13T15:14:00Z
307,quia et inventore,78,11,2023-05-13T15:14:00Z
308,cumque quibusdam veniam,82,11,2023-05-13T15:14:00Z
309,eum voluptas enim,84,11,2023-05-13T15:14:00Z
310,quos numquam quia,91,11,2023-05-13T15:14:00Z
311,ut dolore maxime,92,11,2023-05-13T15:14:00Z
312,eos et saepe,99,11,2023-05-13T15:14:00Z
313,sit quis fugiat,5,12,2023-05-13T15:14:00Z
314,vitae cum qui,14,12,2023-05-13T15:14:00Z
315,corrupti ut repellendus,17,12,2023-05-13T15:14:00Z
316,atque minima fuga,18,12,2023-05-13T15:14:00Z
317,aut molestias accusamus,21,12,2023-05-13T15:14:00Z
318,saepe nihil quisquam,22,12,2023-05-13T15:14:00Z
319,sed perferendis et,24,12,2023-05-13T15:14:00Z
320,atque perferendis eius,32,12,2023-05-13T15:14:00Z
321,reprehenderit nihil doloremque,36,12,2023-05-13T15:14:00Z
322,voluptatem distinctio placeat,37,12,2023-05-13T15:14:00Z
323,at aut ipsam,38,12,2023-05-13T15:14:00Z
324,eos fugit asperiores,40,12,2023-05-13T15:14:00Z
325,et consequatur ipsum,41,12,2023-05-13T15:14:00Z
326,a animi aut,44,12,2023-05-13T15:14:00Z
327,nihil incidunt culpa,54,12,2023-05-13T15:14:00Z
328,non cum totam,57,12,2023-05-13T15:14:00Z
329,iure minima sit,63,12,2023-05-13T15:14:00Z
330,ut consequuntur quidem,66,12,2023-05-13T15:14:00Z
331,quae est debitis,69,12,2023-05-13T15:14:00Z
332,quidem reprehenderit excepturi,71,12,2023-05-13T15:14:00Z
333,cum facilis incidunt,73,12,2023-05-13T15:14:00Z
334,accusamus iste fuga,75,12,2023-05-13T15:14:00Z
335,eligendi error beatae,76,12,2023-05-13T15:14:00Z
336,reprehenderit dicta et,78,12,2023-05-13T15:14:00Z
337,est quibusdam necessitatibus,91,12,2023-05-13T15:14:00Z
338,vel laboriosam consectetur,98,12,2023-05-13T15:14:00Z
339,sit provident quis,99,12,2023-05-13T15:14:00Z
340,unde magnam est,2,13,2023-05-13T15:14:00Z
341,repellendus iste eos,5,13,2023-05-13T15:14:00Z
342,tempore debitis ad,9,13,2023-05-13T15:14:00Z
343,sint in officia,10,13,2023-05-13T15:14:00Z
344,deserunt libero dolor,12,13,2023-05-13T15:14:00Z
345,vitae quia est,13,13,2023-05-13T15:14:00Z
346,aliquid distinctio reprehenderit,14,13,2023-05-13T15:14:00Z
347,et sapiente ullam,16,13,2023-05-13T15:14:00Z
348,ab delectus nam,17,13,2023-05-13T15:14:00Z
349,omnis quo dignissimos,21,13,2023-05-13T15:14:00Z
350,perferendis possimus officiis,24,13,2023-05-13T15:14:00Z
351,facere eum harum,28,13,2023-05-13T15:14:00Z
352,officia atque ut,31,13,2023-05-13T15:14:00Z
353,debitis a placeat,32,13,2023-05-13T15:14:00Z
354,ut vel pariatur,35,13,2023-05-13T15:14:00Z
355,fugit neque nesciunt,36,13,2023-05-13T15:14:00Z
356,doloremque expedita et,39,13,2023-05-13T15:14:00Z
357,illo rerum aliquam,41,13,2023-05-13T15:14:00Z
358,earum ut eius,47,13,2023-05-13T15:14:00Z
359,tempora unde veniam,50,13,2023-05-13T15:14:00Z
360,ea dolore occaecati,52,13,2023-05-13T15:14:00Z
361,suscipit vel excepturi,54,13,2023-05-13T15:14:00Z
362,in debitis assumenda,57,13,2023-05-13T15:14:00Z
363,libero consequatur ullam,60,13,2023-05-13T15:14:00Z
364,iste et voluptatum,62,13,2023-05-13T15:14:00Z
365,laudantium earum quia,65,13,2023-05-13T15:14:00Z
366,voluptatibus natus ut,66,13,2023-05-13T15:14:00Z
367,eos eum pariatur,70,13,2023-05-13T15:14:00Z
368,velit est dignissimos,71,13,2023-05-13T15:14:00Z
369,illo nisi voluptatibus,73,13,2023-05-13T15:14:00Z
370,tenetur cum sapiente,75,13,2023-05-13T15:14:00Z
371,excepturi autem aut,76,13,2023-05-13T15:14:00Z
372,iure ducimus ea,79,13,2023-05-13T15:14:00Z
373,est architecto corrupti,82,13,2023-05-13T15:14:00Z
374,ullam et cum,91,13,2023-05-13T15:14:00Z
375,impedit cumque exercitationem,93,13,2023-05-13T15:14:00Z
376,aut vel minus,94,13,2023-05-13T15:14:00Z
377,est assumenda et,98,13,2023-05-13T15:14:00Z
378,minus consequatur doloremque,99,13,2023-05-13T15:14:00Z
379,omnis esse necessitatibus,5,14,2023-05-13T15:14:00Z
380,enim quia similique,14,14,2023-05-13T15:14:00Z
381,aut tempora quos,15,14,2023-05-13T15:14:00Z
382,consectetur dolorem voluptatem,21,14,2023-05-13T15:14:00Z
383,officiis ut non,22,14,2023-05-13T15:14:00Z
384,inventore aspernatur voluptatibus,24,14,2023-05-13T15:14:00Z
385,sunt delectus iusto,30,14,2023-05-13T15:14:00Z
386,quis earum sed,32,14,2023-05-13T15:14:00Z
387,quis facere deleniti,35,14,2023-05-13T15:14:00Z
388,voluptas culpa quod,36,14,2023-05-13T15:14:00Z
389,quos facere maxime,41,14,2023-05-13T15:14:00Z
390,optio culpa veritatis,46,14,2023-05-13T15:14:00Z
391,animi dolorum soluta,52,14,2023-05-13T15:14:00Z
392,sint veritatis ut,54,14,2023-05-13T15:14:00Z
393,ratione non minima,57,14,2023-05-13T15:14:00Z
394,dolorem nesciunt debitis,66,14,2023-05-13T15:14:00Z
395,ut ea pariatur,69,14,2023-05-13T15:14:00Z
396,esse earum et,71,14,2023-05-13T15:14:00Z
397,quibusdam officia veniam,75,14,2023-05-13T15:14:00Z
398,praesentium dolorum aspernatur,76,14,2023-05-13T15:14:00Z
399,aliquid quos dolorem,87,14,2023-05-13T15:14:00Z
400,libero tempora odio,91,14,2023-05-13T15:14:00Z
401,minima quod nostrum,92,14,2023-05-13T15:14:00Z
402,beatae repellendus voluptas,94,14,2023-05-13T15:14:00Z
403,enim hic aut,98,14,2023-05-13T15:14:00Z
404,enim beatae id,99,14,2023-05-13T15:14:00Z
405,illo quibusdam a,100,14,2023-05-13T15:14:00Z
406,et commodi dicta,4,15,2023-05-13T15:14:00Z
407,quo molestiae nemo,5,15,2023-05-13T15:14:00Z
408,labore delectus rerum,9,15,2023-05-13T15:14:00Z
409,qui voluptates pariatur,13,15,2023-05-13T15:14:00Z
410,expedita sunt rerum,14,15,2023-05-13T15:14:00Z
411,et id qui,21,15,2023-05-13T15:14:00Z
412,labore enim ut,22,15,2023-05-13T15:14:00Z
413,labore voluptas ab,24,15,2023-05-13T15:14:00Z
414,in quaerat facere,28,15,2023-05-13T15:14:00Z
415,doloremque commodi rem,32,15,2023-05-13T15:14:00Z
416,beatae assumenda in,35,15,2023-05-13T15:14:00Z
417,qui occaecati occaecati,36,15,2023-05-13T15:14:00Z
418,totam vero ut,37,15,2023-05-13T15:14:00Z
419,optio ut explicabo,41,15,2023-05-13T15:14:00Z
420,aut quia nostrum,44,15,2023-05-13T15:14:00Z
421,culpa veniam quia,46,15,2023-05-13T15:14:00Z
422,sit sint sapiente,52,15,2023-05-13T15:14:00Z
423,ea voluptas aut,54,15,2023-05-13T15:14:00Z
424,maxime quia porro,57,15,2023-05-13T15:14:00Z
425,quas nobis aspernatur,63,15,2023-05-13T15:14:00Z
426,et molestiae non,66,15,2023-05-13T15:14:00Z
427,enim perferendis eum,71,15,2023-05-13T15:14:00Z
428,animi dolor numquam,72,15,2023-05-13T15:14:00Z
429,in veritatis cupiditate,75,15,2023-05-13T15:14:00Z
430,et modi voluptatem,76,15,2023-05-13T15:14:00Z
431,dolorem non fugiat,87,15,2023-05-13T15:14:00Z
432,quam non sit,91,15,2023-05-13T15:14:00Z
433,et illo facilis,96,15,2023-05-13T15:14:00Z
434,ipsum maxime sapiente,5,16,2023-05-13T15:14:00Z
435,nesciunt voluptas velit,11,16,2023-05-13T15:14:00Z
436,rerum id debitis,14,16,2023-05-13T15:14:00Z
437,accusamus ducimus sunt,18,16,2023-05-13T15:14:00Z
438,ipsam tempore aut,21,16,2023-05-13T15:14:00Z
439,esse quo eveniet,24,16,2023-05-13T15:14:00Z
440,a tenetur rem,31,16,2023-05-13T15:14:00Z
441,delectus alias vel,36,16,2023-05-13T15:14:00Z
442,omnis pariatur doloremque,41,16,2023-05-13T15:14:00Z
443,et ut nihil,42,16,2023-05-13T15:14:00Z
444,nihil reiciendis laboriosam,54,16,2023-05-13T15:14:00Z
445,et et nemo,57,16,2023-05-13T15:14:00Z
446,nesciunt voluptatum est,62,16,2023-05-13T15:14:00Z
447,unde in quos,63,16,2023-05-13T15:14:00Z
448,ipsam distinctio quidem,66,16,2023-05-13T15:14:00Z
449,quis autem dolore,70,16,2023-05-13T15:14:00Z
450,dolore et quibusdam,71,16,2023-05-13T15:14:00Z
451,est accusantium iste,73,16,2023-05-13T15:14:00Z
452,dolore commodi animi,75,16,2023-05-13T15:14:00Z
453,repellendus expedita velit,76,16,2023-05-13T15:14:00Z
454,odio alias tenetur,82,16,2023-05-13T15:14:00Z
455,illo corrupti debitis,91,16,2023-05-13T15:14:00Z
456,eveniet odit repudiandae,5,17,2023-05-13T15:14:00Z
457,ipsam et tempora,14,17,2023-05-13T15:14:00Z
458,perspiciatis est facere,19,17,2023-05-13T15:14:00Z
459,et hic magni,21,17,2023-05-13T15:14:00Z
460,repellendus non aperiam,24,17,2023-05-13T15:14:00Z
461,quia voluptatibus exercitationem,26,17,2023-05-13T15:14:00Z
462,dolorem cumque qui,30,17,2023-05-13T15:14:00Z
463,ea aut rerum,31,17,2023-05-13T15:14:00Z
464,hic aut voluptates,33,17,2023-05-13T15:14:00Z
465,unde accusamus sint,36,17,2023-05-13T15:14:00Z
466,unde similique in,39,17,2023-05-13T15:14:00Z
467,consequatur culpa ducimus,40,17,2023-05-13T15:14:00Z
468,molestias voluptatem et,41,17,2023-05-13T15:14:00Z
469,pariatur iusto beatae,54,17,2023-05-13T15:14:00Z
470,voluptates qui saepe,57,17,2023-05-13T15:14:00Z
471,autem aut tempore,66,17,2023-05-13T15:14:00Z
472,et qui nulla,71,17,2023-05-13T15:14:00Z
473,soluta recusandae nemo,75,17,2023-05-13T15:14:00Z
474,optio praesentium id,76,17,2023-05-13T15:14:00Z
475,est aut fuga,84,17,2023-05-13T15:14:00Z
476,a velit blanditiis,87,17,2023-05-13T15:14:00Z
477,laudantium temporibus quis,91,17,2023-05-13T15:14:00Z
478,adipisci eos labore,96,17,2023-05-13T15:14:00Z
479,deleniti corrupti illum,5,18,2023-05-13T15:14:00Z
480,porro aut doloremque,14,18,2023-05-13T15:14:00Z
481,nihil ut soluta,16,18,2023-05-13T15:14:00Z
482,voluptatem quo quidem,18,18,2023-05-13T15:14:00Z
483,quia repellendus qui,21,18,2023-05-13T15:14:00Z
484,quaerat consectetur et,22,18,2023-05-13T15:14:00Z
485,et illo illum,24,18,2023-05-13T15:14:00Z
486,qui eveniet corporis,26,18,2023-05-13T15:14:00Z
487,vero similique accusantium,30,18,2023-05-13T15:14:00Z
488,quos itaque id,32,18,2023-05-13T15:14:00Z
489,consectetur et vel,36,18,2023-05-13T15:14:00Z
490,modi consequatur explicabo,41,18,2023-05-13T15:14:00Z
491,veniam tenetur vel,43,18,2023-05-13T15:14:00Z
492,autem fugiat illo,44,18,2023-05-13T15:14:00Z
493,ut ducimus dicta,48,18,2023-05-13T15:14:00Z
494,id ab ipsum,54,18,2023-05-13T15:14:00Z
495,fugit aspernatur saepe,55,18,2023-05-13T15:14:00Z
496,itaque dolorem autem,57,18,2023-05-13T15:14:00Z
497,sapiente ea nemo,66,18,2023-05-13T15:14:00Z
498,atque aliquid facere,71,18,2023-05-13T15:14:00Z
499,eaque inventore doloribus,75,18,2023-05-13T15:14:00Z
500,dolor est distinctio,76,18,2023-05-13T15:14:00Z
501,consequatur expedita magni,82,18,2023-05-13T15:14:00Z
502,optio ex alias,84,18,2023-05-13T15:14:00Z
503,molestias alias reprehenderit,91,18,2023-05-13T15:14:00Z
504,aperiam facilis fugiat,92,18,2023-05-13T15:14:00Z
505,atque tempore beatae,97,18,2023-05-13T15:14:00Z
506,culpa id ut,3,19,2023-05-13T15:14:00Z
507,et aspernatur deleniti,5,19,2023-05-13T15:14:00Z
508,vero fuga iure,11,19,2023-05-13T15:14:00Z
509,illum quo quis,12,19,2023-05-13T15:14:00Z
510,corporis ut corporis,14,19,2023-05-13T15:14:00Z
511,magnam aut sit,17,19,2023-05-13T15:14:00Z
512,dolores fugit nihil,18,19,2023-05-13T15:14:00Z
513,ipsum aut rerum,19,19,2023-05-13T15:14:00Z
514,vel laborum error,21,19,2023-05-13T15:14:00Z
515,autem sit cumque,22,19,2023-05-13T15:14:00Z
516,natus ut et,24,19,2023-05-13T15:14:00Z
517,quia perferendis minus,26,19,2023-05-13T15:14:00Z
518,architecto aliquid rerum,35,19,2023-05-13T15:14:00Z
519,dignissimos nisi reiciendis,36,19,2023-05-13T15:14:00Z
520,suscipit inventore eligendi,41,19,2023-05-13T15:14:00Z
521,quia occaecati quis,47,19,2023-05-13T15:14:00Z
522,perspiciatis ut molestiae,48,19,2023-05-13T15:14:00Z
523,sint vitae atque,54,19,2023-05-13T15:14:00Z
524,et ipsam vitae,56,19,2023-05-13T15:14:00Z
525,et eum ipsam,57,19,2023-05-13T15:14:00Z
526,vel et impedit,66,19,2023-05-13T15:14:00Z
527,suscipit consequatur excepturi,67,19,2023-05-13T15:14:00Z
528,perferendis dignissimos eligendi,70,19,2023-05-13T15:14:00Z
529,illo nostrum quam,71,19,2023-05-13T15:14:00Z
530,quae atque nobis,73,19,2023-05-13T15:14:00Z
531,voluptatem id est,75,19,2023-05-13T15:14:00Z
532,autem praesentium minus,76,19,2023-05-13T15:14:00Z
533,quam temporibus eum,91,19,2023-05-13T15:14:00Z
534,nesciunt saepe praesentium,93,19,2023-05-13T15:14:00Z
535,doloribus occaecati laborum,95,19,2023-05-13T15:14:00Z
536,dolorum qui odit,97,19,2023-05-13T15:14:00Z
537,a doloribus architecto,98,19,2023-05-13T15:14:00Z
538,ad nobis ipsum,99,19,2023-05-13T15:14:00Z
539,laudantium provident qui,100,19,2023-05-13T15:14:00Z
540,quod ipsam optio,2,20,2023-05-13T15:14:00Z
541,consectetur suscipit dolores,5,20,2023-05-13T15:14:00Z
542,consectetur natus provident,14,20,2023-05-13T15:14:00Z
543,voluptatibus dolorem ab,17,20,2023-05-13T15:14:00Z
544,laboriosam deserunt suscipit,21,20,2023-05-13T15:14:00Z
545,voluptatibus aliquid mollitia,24,20,2023-05-13T15:14:00Z
546,nostrum sed aliquid,36,20,2023-05-13T15:14:00Z
547,nihil qui omnis,41,20,2023-05-13T15:14:00Z
548,pariatur sunt est,43,20,2023-05-13T15:14:00Z
549,aut aut eaque,52,20,2023-05-13T15:14:00Z
550,qui sequi est,54,20,2023-05-13T15:14:00Z
551,odit sed omnis,56,20,2023-05-13T15:14:00Z
552,illo aut molestiae,57,20,2023-05-13T15:14:00Z
553,eligendi voluptatem cupiditate,60,20,2023-05-13T15:14:00Z
554,corrupti qui earum,66,20,2023-05-13T15:14:00Z
555,veniam qui cupiditate,67,20,2023-05-13T15:14:00Z
556,illum dolore est,71,20,2023-05-13T15:14:00Z
557,et enim debitis,73,20,2023-05-13T15:14:00Z
558,cum sed sit,75,20,2023-05-13T15:14:00Z
559,tempore ut voluptas,76,20,2023-05-13T15:14:00Z
560,vel fugit et,82,20,2023-05-13T15:14:00Z
561,ab sit dignissimos,85,20,2023-05-13T15:14:00Z
562,assumenda vel enim,91,20,2023-05-13T15:14:00Z
563,consequatur consequatur reiciendis,96,20,2023-05-13T15:14:00Z
564,distinctio quae fuga,97,20,2023-05-13T15:14:00Z
565,aliquid magnam dicta,98,20,2023-05-13T15:14:00Z
566,id in quaerat,3,21,2023-05-13T15:14:00Z
567,neque quos pariatur,4,21,2023-05-13T15:14:00Z
568,iusto enim excepturi,5,21,2023-05-13T15:14:00Z
569,consequatur libero pariatur,6,21,2023-05-13T15:14:00Z
570,ducimus non earum,8,21,2023-05-13T15:14:00Z
571,omnis praesentium nihil,14,21,2023-05-13T15:14:00Z
572,harum earum ut,17,21,2023-05-13T15:14:00Z
573,sed cum repellat,18,21,2023-05-13T15:14:00Z
574,esse adipisci praesentium,20,21,2023-05-13T15:14:00Z
575,modi quae ut,21,21,2023-05-13T15:14:00Z
576,incidunt et laudantium,24,21,2023-05-13T15:14:00Z
577,sunt excepturi esse,27,21,2023-05-13T15:14:00Z
578,qui a officiis,36,21,2023-05-13T15:14:00Z
579,necessitatibus sunt cumque,39,21,2023-05-13T15:14:00Z
580,est recusandae harum,41,21,2023-05-13T15:14:00Z
581,exercitationem nam molestias,48,21,2023-05-13T15:14:00Z
582,vitae corrupti et,54,21,2023-05-13T15:14:00Z
583,debitis omnis dolor,57,21,2023-05-13T15:14:00Z
584,dolor culpa inventore,65,21,2023-05-13T15:14:00Z
585,omnis aut delectus,66,21,2023-05-13T15:14:00Z
586,at accusantium et,70,21,2023-05-13T15:14:00Z
587,alias deleniti sequi,71,21,2023-05-13T15:14:00Z
588,ipsum aut et,75,21,2023-05-13T15:14:00Z
589,aut ut et,76,21,2023-05-13T15:14:00Z
590,saepe reprehenderit doloremque,79,21,2023-05-13T15:14:00Z
591,placeat quo ab,87,21,2023-05-13T15:14:00Z
592,vitae quia laudantium,91,21,2023-05-13T15:14:00Z
593,cupiditate ratione earum,97,21,2023-05-13T15:14:00Z
594,aut id reprehenderit,100,21,2023-05-13T15:14:00Z
595,non deleniti exercitationem,5,22,2023-05-13T15:14:00Z
596,nihil dolor suscipit,8,22,2023-05-13T15:14:00Z
597,quisquam dolore blanditiis,12,22,2023-05-13T15:14:00Z
598,accusamus et impedit,13,22,2023-05-13T15:14:00Z
599,enim similique veniam,14,22,2023-05-13T15:14:00Z
600,modi sint aliquam,16,22,2023-05-13T15:14:00Z
601,dolores inventore dolores,20,22,2023-05-13T15:14:00Z
602,quis ut hic,21,22,2023-05-13T15:14:00Z
603,sit voluptatibus atque,24,22,2023-05-13T15:14:00Z
604,aut et minima,26,22,2023-05-13T15:14:00Z
605,sint doloremque corrupti,31,22,2023-05-13T15:14:00Z
606,iure temporibus sed,36,22,2023-05-13T15:14:00Z
607,blanditiis eum eum,38,22,2023-05-13T15:14:00Z
608,illum non ab,40,22,2023-05-13T15:14:00Z
609,consequatur veniam est,41,22,2023-05-13T15:14:00Z
610,rerum adipisci et,43,22,2023-05-13T15:14:00Z
611,placeat dolor esse,46,22,2023-05-13T15:14:00Z
612,suscipit reprehenderit enim,52,22,2023-05-13T15:14:00Z
613,sit voluptas sed,54,22,2023-05-13T15:14:00Z
614,cum reprehenderit id,55,22,2023-05-13T15:14:00Z
615,est enim ut,57,22,2023-05-13T15:14:00Z
616,quam placeat esse,65,22,2023-05-13T15:14:00Z
617,veritatis explicabo corrupti,66,22,2023-05-13T15:14:00Z
618,et non facere,67,22,2023-05-13T15:14:00Z
619,officia ut non,71,22,2023-05-13T15:14:00Z
620,ut placeat omnis,72,22,2023-05-13T15:14:00Z
621,sunt harum nemo,75,22,2023-05-13T15:14:00Z
622,eligendi omnis nihil,76,22,2023-05-13T15:14:00Z
623,omnis voluptatem aliquid,79,22,2023-05-13T15:14:00Z
624,tempora ut cumque,82,22,2023-05-13T15:14:00Z
625,dolores omnis quae,91,22,2023-05-13T15:14:00Z
626,dolore tempore aperiam,94,22,2023-05-13T15:14:00Z
627,possimus fuga eveniet,97,22,2023-05-13T15:14:00Z
628,ut consequuntur nemo,99,22,2023-05-13T15:14:00Z
629,eligendi maiores et,2,23,2023-05-13T15:14:00Z
630,in aut voluptatem,5,23,2023-05-13T15:14:00Z
631,tenetur vel repudiandae,10,23,2023-05-13T15:14:00Z
632,sapiente unde sapiente,14,23,2023-05-13T15:14:00Z
633,cumque optio et,16,23,2023-05-13T15:14:00Z
634,accusantium rerum aut,21,23,2023-05-13T15:14:00Z
635,laboriosam quae ea,22,23,2023-05-13T15:14:00Z
636,voluptas sit amet,24,23,2023-05-13T15:14:00Z
637,quisquam aut dolor,27,23,2023-05-13T15:14:00Z
638,doloremque et omnis,31,23,2023-05-13T15:14:00Z
639,nihil est repudiandae,36,23,2023-05-13T15:14:00Z
640,sed voluptas quia,41,23,2023-05-13T15:14:00Z
641,consequatur ut iste,47,23,2023-05-13T15:14:00Z
642,ipsum rerum velit,54,23,2023-05-13T15:14:00Z
643,autem hic nesciunt,57,23,2023-05-13T15:14:00Z
644,explicabo nulla sit,66,23,2023-05-13T15:14:00Z
645,provident eius modi,71,23,2023-05-13T15:14:00Z
646,quaerat magni illo,75,23,2023-05-13T15:14:00Z
647,rerum quos pariatur,76,23,2023-05-13T15:14:00Z
648,dolores iure libero,82,23,2023-05-13T15:14:00Z
649,veniam et fugiat,91,23,2023-05-13T15:14:00Z
650,est culpa tempore,97,23,2023-05-13T15:14:00Z
651,quisquam velit odio,5,24,2023-05-13T15:14:00Z
652,autem aperiam sunt,14,24,2023-05-13T15:14:00Z
653,doloribus et quia,21,24,2023-05-13T15:14:00Z
654,voluptatem nemo iste,24,24,2023-05-13T15:14:00Z
655,exercitationem ut sit,36,24,2023-05-13T15:14:00Z
656,placeat id magni,41,24,2023-05-13T15:14:00Z
657,corrupti eos nulla,54,24,2023-05-13T15:14:00Z
658,similique unde alias,57,24,2023-05-13T15:14:00Z
659,necessitatibus ea quam,66,24,2023-05-13T15:14:00Z
660,blanditiis qui rerum,71,24,2023-05-13T15:14:00Z
661,itaque omnis labore,75,24,2023-05-13T15:14:00Z
662,repudiandae hic velit,76,24,2023-05-13T15:14:00Z
663,minus modi tempora,91,24,2023-05-13T15:14:00Z
664,accusamus ipsa vero,98,24,2023-05-13T15:14:00Z
665,pariatur error quos,2,25,2023-05-13T15:14:00Z
666,velit laborum fuga,5,25,2023-05-13T15:14:00Z
667,non cupiditate saepe,14,25,2023-05-13T15:14:00Z
668,occaecati dolore iste,17,25,2023-05-13T15:14:00Z
669,quis aperiam harum,21,25,2023-05-13T15:14:00Z
670,dolorem sint animi,24,25,2023-05-13T15:14:00Z
671,excepturi nulla quasi,36,25,2023-05-13T15:14:00Z
672,perspiciatis et eos,41,25,2023-05-13T15:14:00Z
673,voluptas cumque iure,54,25,2023-05-13T15:14:00Z
674,consequatur id beatae,57,25,2023-05-13T15:14:00Z
675,rem fugiat dolorem,66,25,2023-05-13T15:14:00Z
676,assumenda ut porro,71,25,2023-05-13T15:14:00Z
677,eaque labore magni,75,25,2023-05-13T15:14:00Z
678,odit libero deleniti,76,25,2023-05-13T15:14:00Z
679,culpa ratione sed,87,25,2023-05-13T15:14:00Z
680,animi molestiae optio,91,25,2023-05-13T15:14:00Z
681,sapiente illo minima,5,26,2023-05-13T15:14:00Z
682,explicabo qui voluptas,14,26,2023-05-13T15:14:00Z
683,dolores ab laborum,21,26,2023-05-13T15:14:00Z
684,nihil aut repellat,24,26,2023-05-13T15:14:00Z
685,veritatis et temporibus,36,26,2023-05-13T15:14:00Z
686,unde molestias earum,41,26,2023-05-13T15:14:00Z
687,quisquam modi esse,54,26,2023-05-13T15:14:00Z
688,illo aspernatur ducimus,57,26,2023-05-13T15:14:00Z
689,provident sit aperiam,66,26,2023-05-13T15:14:00Z
690,recusandae enim atque,71,26,2023-05-13T15:14:00Z
691,ipsum doloribus harum,75,26,2023-05-13T15:14:00Z
692,autem repellendus dicta,76,26,2023-05-13T15:14:00Z
693,est laudantium quia,91,26,2023-05-13T15:14:00Z
694,voluptatum hic facere,97,26,2023-05-13T15:14:00Z
695,sequi ut inventore,2,27,2023-05-13T15:14:00Z
696,consectetur alias magni,5,27,2023-05-13T15:14:00Z
697,rerum optio fugiat,14,27,2023-05-13T15:14:00Z
698,vel accusamus expedita,21,27,2023-05-13T15:14:00Z
699,dolor asperiores quasi,24,27,2023-05-13T15:14:00Z
700,occaecati saepe nemo,36,27,2023-05-13T15:14:00Z
701,et delectus pariatur,41,27,2023-05-13T15:14:00Z
702,quisquam eos labore,54,27,2023-05-13T15:14:00Z
703,impedit nulla voluptas,57,27,2023-05-13T15:14:00Z
704,non molestiae corporis,66,27,2023-05-13T15:14:00Z
705,voluptate id tenetur,71,27,2023-05-13T15:14:00Z
706,exercitationem qui ut,75,27,2023-05-13T15:14:00Z
707,doloremque sed magni,76,27,2023-05-13T15:14:00Z
708,aspernatur et alias,82,27,2023-05-13T15:14:00Z
709,placeat omnis iste,91,27,2023-05-13T15:14:00Z
710,repellat quia minima,5,28,2023-05-13T15:14:00Z
711,aut corrupti laborum,14,28,2023-05-13T15:14:00Z
712,quis aperiam dolore,17,28,2023-05-13T15:14:00Z
713,voluptas cumque modi,21,28,2023-05-13T15:14:00Z
714,nihil illo tempora,24,28,2023-05-13T15:14:00Z
715,unde eos pariatur,36,28,2023-05-13T15:14:00Z
716,sed blanditiis rerum,41,28,2023-05-13T15:14:00Z
717,occaecati iure libero,54,28,2023-05-13T15:14:00Z
718,dolores hic animi,57,28,2023-05-13T15:14:00Z
719,provident ea repellat,66,28,2023-05-13T15:14:00Z
720,assumenda quasi iste,71,28,2023-05-13T15:14:00Z
721,itaque magni error,75,28,2023-05-13T15:14:00Z
722,repudiandae ut omnis,76,28,2023-05-13T15:14:00Z
723,minus modi accusamus,87,28,2023-05-13T15:14:00Z
724,pariatur ipsa vero,91,28,2023-05-13T15:14:00Z
725,velit laborum error,5,29,2023-05-13T15:14:00Z
726,non cupiditate saepe,14,29,2023-05-13T15:14:00Z
727,occaecati dolore iste,21,29,2023-05-13T15:14:00Z
728,quis aperiam harum,24,29,2023-05-13T15:14:00Z
729,dolorem sint animi,36,29,2023-05-13T15:14:00Z
730,excepturi nulla quasi,41,29,2023-05-13T15:14:00Z
731,perspiciatis et eos,54,29,2023-05-13T15:14:00Z
732,voluptas cumque iure,57,29,2023-05-13T15:14:00Z
733,rem fugiat dolorem,66,29,2023-05-13T15:14:00Z
734,assumenda ut porro,71,29,2023-05-13T15:14:00Z
735,eaque labore magni,75,29,2023-05-13T15:14:00Z
736,odit libero deleniti,76,29,2023-05-13T15:14:00Z
737,culpa ratione sed,91,29,2023-05-13T15:14:00Z
738,animi molestiae optio,98,29,2023-05-13T15:14:00Z
739,sapiente illo minima,2,30,2023-05-13T15:14:00Z
740,explicabo qui voluptas,5,30,2023-05-13T15:14:00Z
741,dolores ab laborum,14,30,2023-05-13T15:14:00Z
742,nihil aut repellat,21,30,2023-05-13T15:14:00Z
743,veritatis et temporibus,24,30,2023-05-13T15:14:00Z
744,unde molestias earum,36,30,2023-05-13T15:14:00Z
745,quisquam modi esse,41,30,2023-05-13T15:14:00Z
746,illo aspernatur ducimus,54,30,2023-05-13T15:14:00Z
747,provident sit aperiam,57,30,2023-05-13T15:14:00Z
748,recusandae enim atque,66,30,2023-05-13T15:14:00Z
749,ipsum doloribus harum,71,30,2023-05-13T15:14:00Z
750,autem repellendus dicta,75,30,2023-05-13T15:14:00Z
751,est laudantium quia,76,30,2023-05-13T15:14:00Z
752,voluptatum hic facere,91,30,2023-05-13T15:14:00Z
753,sequi ut inventore,5,31,2023-05-13T15:14:00Z
754,consectetur alias magni,14,31,2023-05-13T15:14:00Z
755,rerum optio fugiat,21,31,2023-05-13T15:14:00Z
756,vel accusamus expedita,24,31,2023-05-13T15:14:00Z
757,dolor asperiores quasi,36,31,2023-05-13T15:14:00Z
758,occaecati saepe nemo,41,31,2023-05-13T15:14:00Z
759,et delectus pariatur,54,31,2023-05-13T15:14:00Z
760,quisquam eos labore,57,31,2023-05-13T15:14:00Z
761,impedit nulla voluptas,66,31,2023-05-13T15:14:00Z
762,non molestiae corporis,71,31,2023-05-13T15:14:00Z
763,voluptate id tenetur,75,31,2023-05-13T15:14:00Z
764,exercitationem qui ut,76,31,2023-05-13T15:14:00Z
765,doloremque sed magni,87,31,2023-05-13T15:14:00Z
766,aspernatur et alias,91,31,2023-05-13T15:14:00Z
767,placeat omnis iste,2,32,2023-05-13T15:14:00Z
768,repellat quia minima,5,32,2023-05-13T15:14:00Z
769,aut corrupti laborum,14,32,2023-05-13T15:14:00Z
770,quis aperiam dolore,21,32,2023-05-13T15:14:00Z
771,voluptas cumque modi,24,32,2023-05-13T15:14:00Z
772,nihil illo tempora,36,32,2023-05-13T15:14:00Z
773,unde eos pariatur,41,32,2023-05-13T15:14:00Z
774,sed blanditiis rerum,54,32,2023-05-13T15:14:00Z
775,occaecati iure libero,57,32,2023-05-13T15:14:00Z
776,dolores hic animi,66,32,2023-05-13T15:14:00Z
777,provident ea repellat,71,32,2023-05-13T15:14:00Z
778,assumenda quasi iste,75,32,2023-05-13T15:14:00Z
779,itaque magni error,76,32,2023-05-13T15:14:00Z
780,repudiandae ut omnis,91,32,2023-05-13T15:14:00Z
781,minus modi accusamus,98,32,2023-05-13T15:14:00Z
782,pariatur ipsa vero,2,33,2023-05-13T15:14:00Z
783,velit laborum fuga,5,33,2023-05-13T15:14:00Z
784,non cupiditate saepe,14,33,2023-05-13T15:14:00Z
785,occaecati dolore iste,21,33,2023-05-13T15:14:00Z
786,quis aperiam harum,24,33,2023-05-13T15:14:00Z
787,dolorem sint animi,36,33,2023-05-13T15:14:00Z
788,excepturi nulla quasi,41,33,2023-05-13T15:14:00Z
789,perspiciatis et eos,54,33,2023-05-13T15:14:00Z
790,voluptas cumque iure,57,33,2023-05-13T15:14:00Z
791,rem fugiat dolorem,66,33,2023-05-13T15:14:00Z
792,assumenda ut porro,71,33,2023-05-13T15:14:00Z
793,eaque labore magni,75,33,2023-05-13T15:14:00Z
794,odit libero deleniti,76,33,2023-05-13T15:14:00Z
795,culpa ratione sed,87,33,2023-05-13T15:14:00Z
796,animi molestiae optio,91,33,2023-05-13T15:14:00Z
797,sapiente illo minima,5,34,2023-05-13T15:14:00Z
798,explicabo qui voluptas,14,34,2023-05-13ರೀಕ್ಷಿಸಿ
799,dolores ab laborum,21,34,2023-05-13T15:14:00Z
800,nihil aut repellat,24,34,2023-05-13T15:14:00Z
801,veritatis et temporibus,36,34,2023-05-13T15:14:00Z
802,unde molestias earum,41,34,2023-05-13T15:14:00Z
803,quisquam modi esse,54,34,2023-05-13T15:14:00Z
804,illo aspernatur ducimus,57,34,2023-05-13T15:14:00Z
805,provident sit aperiam,66,34,2023-05-13T15:14:00Z
806,recusandae enim atque,71,34,2023-05-13T15:14:00Z
807,ipsum doloribus harum,75,34,2023-05-13T15:14:00Z
808,autem repellendus dicta,76,34,2023-05-13T15:14:00Z
809,est laudantium quia,91,34,2023-05-13T15:14:00Z
810,voluptatum hic facere,97,34,2023-05-13T15:14:00Z
811,sequi ut inventore,2,35,2023-05-13T15:14:00Z
812,consectetur alias magni,5,35,2023-05-13T15:14:00Z
813,rerum optio fugiat,14,35,2023-05-13T15:14:00Z
814,vel accusamus expedita,21,35,2023-05-13T15:14:00Z
815,dolor asperiores quasi,24,35,2023-05-13T15:14:00Z
816,occaecati saepe nemo,36,35,2023-05-13T15:14:00Z
817,et delectus pariatur,41,35,2023-05-13T15:14:00Z
818,quisquam eos labore,54,35,2023-05-13T15:14:00Z
819,impedit nulla voluptas,57,35,2023-05-13T15:14:00Z
820,non molestiae corporis,66,35,2023-05-13T15:14:00Z
821,voluptate id tenetur,71,35,2023-05-13T15:14:00Z
822,exercitationem qui ut,75,35,2023-05-13T15:14:00Z
823,doloremque sed magni,76,35,2023-05-13T15:14:00Z
824,aspernatur et alias,87,35,2023-05-13T15:14:00Z
825,placeat omnis iste,91,35,2023-05-13T15:14:00Z
826,repellat quia minima,5,36,2023-05-13T15:14:00Z
827,aut corrupti laborum,14,36,2023-05-13T15:14:00Z
828,quis aperiam dolore,21,36,2023-05-13T15:14:00Z
829,voluptas cumque modi,24,36,2023-05-13T15:14:00Z
830,nihil illo tempora,36,36,2023-05-13T15:14:00Z
831,unde eos pariatur,41,36,2023-05-13T15:14:00Z
832,sed blanditiis rerum,54,36,2023-05-13T15:14:00Z
833,occaecati iure libero,57,36,2023-05-13T15:14:00Z
834,dolores hic animi,66,36,2023-05-13T15:14:00Z
835,provident ea repellat,71,36,2023-05-13T15:14:00Z
836,assumenda quasi iste,75,36,2023-05-13T15:14:00Z
837,itaque magni error,76,36,2023-05-13T15:14:00Z
838,repudiandae ut omnis,91,36,2023-05-13T15:14:00Z
839,minus modi accusamus,98,36,2023-05-13T15:14:00Z
840,pariatur ipsa vero,2,37,2023-05-13T15:14:00Z
841,velit laborum fuga,5,37,2023-05-13T15:14:00Z
842,non cupiditate saepe,14,37,2023-05-13T15:14:00Z
843,occaecati dolore iste,21,37,2023-05-13T15:14:00Z
844,quis aperiam harum,24,37,2023-05-13T15:14:00Z
845,dolorem sint animi,36,37,2023-05-13T15:14:00Z
846,excepturi nulla quasi,41,37,2023-05-13T15:14:00Z
847,perspiciatis et eos,54,37,2023-05-13T15:14:00Z
848,voluptas cumque iure,57,37,2023-05-13T15:14:00Z
849,rem fugiat dolorem,66,37,2023-05-13T15:14:00Z
850,assumenda ut porro,71,37,2023-05-13T15:14:00Z
851,eaque labore magni,75,37,2023-05-13T15:14:00Z
852,odit libero deleniti,76,37,2023-05-13T15:14:00Z
853,culpa ratione sed,87,37,2023-05-13T15:14:00Z
854,animi molestiae optio,91,37,2023-05-13T15:14:00Z
855,sapiente illo minima,5,38,2023-05-13T15:14:00Z
856,explicabo qui voluptas,14,38,2023-05-13T15:14:00Z
857,dolores ab laborum,21,38,2023-05-13T15:14:00Z
858,nihil aut repellat,24,38,2023-05-13T15:14:00Z
859,veritatis et temporibus,36,38,2023-05-13T15:14:00Z
860,unde molestias earum,41,38,2023-05-13T15:14:00Z
861,quisquam modi esse,54,38,2023-05-13T15:14:00Z
862,illo aspernatur ducimus,57,38,2023-05-13T15:14:00Z
863,provident sit aperiam,66,38,2023-05-13T15:14:00Z
864,recusandae enim atque,71,38,2023-05-13T15:14:00Z
865,ipsum doloribus harum,75,38,2023-05-13T15:14:00Z
866,autem repellendus dicta,76,38,2023-05-13T15:14:00Z
867,est laudantium quia,91,38,2023-05-13T15:14:00Z
868,voluptatum hic facere,97,38,2023-05-13T15:14:00Z
869,sequi ut inventore,2,39,2023-05-13T15:14:00Z
870,consectetur alias magni,5,39,2023-05-13T15:14:00Z
871,rerum optio fugiat,14,39,2023-05-13T15:14:00Z
872,vel accusamus expedita,21,39,2023-05-13T15:14:00Z
873,dolor asperiores quasi,24,39,2023-05-13T15:14:00Z
874,occaecati saepe nemo,36,39,2023-05-13T15:14:00Z
875,et delectus pariatur,41,39,2023-05-13T15:14:00Z
876,quisquam eos labore,54,39,2023-05-13T15:14:00Z
877,impedit nulla voluptas,57,39,2023-05-13T15:14:00Z
878,non molestiae corporis,66,39,2023-05-13T15:14:00Z
879,voluptate id tenetur,71,39,2023-05-13T15:14:00Z
880,exercitationem qui ut,75,39,2023-05-13T15:14:00Z
881,doloremque sed magni,76,39,2023-05-13T15:14:00Z
882,aspernatur et alias,87,39,2023-05-13T15:14:00Z
883,placeat omnis iste,91,39,2023-05-13T15:14:00Z
884,repellat quia minima,5,40,2023-05-13T15:14:00Z
885,aut corrupti laborum,14,40,2023-05-13T15:14:00Z
886,quis aperiam dolore,21,40,2023-05-13T15:14:00Z
887,voluptas cumque modi,24,40,2023-05-13T15:14:00Z
888,nihil illo tempora,36,40,2023-05-13T15:14:00Z
889,unde eos pariatur,41,40,2023-05-13T15:14:00Z
890,sed blanditiis rerum,54,40,2023-05-13T15:14:00Z
891,occaecati iure libero,57,40,2023-05-13T15:14:00Z
892,dolores hic animi,66,40,2023-05-13T15:14:00Z
893,provident ea repellat,71,40,2023-05-13T15:14:00Z
894,assumenda quasi iste,75,40,2023-05-13T15:14:00Z
895,itaque magni error,76,40,2023-05-13T15:14:00Z
896,repudiandae ut omnis,91,40,2023-05-13T15:14:00Z
897,minus modi accusamus,98,40,2023-05-13T15:14:00Z
898,pariatur ipsa vero,2,41,2023-05-13T15:14:00Z
899,velit laborum fuga,5,41,2023-05-13T15:14:00Z
900,non cupiditate saepe,14,41,2023-05-13T15:14:00Z
901,occaecati dolore iste,21,41,2023-05-13T15:14:00Z
902,quis aperiam harum,24,41,2023-05-13T15:14:00Z
903,dolorem sint animi,36,41,2023-05-13T15:14:00Z
904,excepturi nulla quasi,41,41,2023-05-13T15:14:00Z
905,perspiciatis et eos,54,41,2023-05-13T15:14:00Z
906,voluptas cumque iure,57,41,2023-05-13T15:14:00Z
907,rem fugiat dolorem,66,41,2023-05-13T15:14:00Z
908,assumenda ut porro,71,41,2023-05-13T15:14:00Z
909,eaque labore magni,75,41,2023-05-13T15:14:00Z
910,odit libero deleniti,76,41,2023-05-13T15:14:00Z
911,culpa ratione sed,87,41,2023-05-13T15:14:00Z
912,animi molestiae optio,91,41,2023-05-13T15:14:00Z
913,sapiente illo minima,5,42,2023-05-13T15:14:00Z
914,explicabo qui voluptas,14,42,2023-05-13T15:14:00Z
915,dolores ab laborum,21,42,2023-05-13T15:14:00Z
916,nihil aut repellat,24,42,2023-05-13T15:14:00Z
917,veritatis et temporibus,36,42,2023-05-13T15:14:00Z
918,unde molestias earum,41,42,2023-05-13T15:14:00Z
919,quisquam modi esse,54,42,2023-05-13T15:14:00Z
920,illo aspernatur ducimus,57,42,2023-05-13T15:14:00Z
921,provident sit aperiam,66,42,2023-05-13T15:14:00Z
922,recusandae enim atque,71,42,2023-05-13T15:14:00Z
923,ipsum doloribus harum,75,42,2023-05-13T15:14:00Z
924,autem repellendus dicta,76,42,2023-05-13T15:14:00Z
925,est laudantium quia,91,42,2023-05-13T15:14:00Z
926,voluptatum hic facere,97,42,2023-05-13T15:14:00Z
927,sequi ut inventore,2,43,2023-05-13T15:14:00Z
928,consectetur alias magni,5,43,2023-05-13T15:14:00Z
929,rerum optio fugiat,14,43,2023-05-13T15:14:00Z
930,vel accusamus expedita,21,43,2023-05-13T15:14:00Z
931,dolor asperiores quasi,24,43,2023-05-13T15:14:00Z
932,occaecati saepe nemo,36,43,2023-05-13T15:14:00Z
933,et delectus pariatur,41,43,2023-05-13T15:14:00Z
934,quisquam eos labore,54,43,2023-05-13T15:14:00Z
935,impedit nulla voluptas,57,43,2023-05-13T15:14:00Z
936,non molestiae corporis,66,43,2023-05-13T15:14:00Z
937,voluptate id tenetur,71,43,2023-05-13T15:14:00Z
938,exercitationem qui ut,75,43,2023-05-13T15:14:00Z
939,doloremque sed magni,76,43,2023-05-13T15:14:00Z
940,aspernatur et alias,87,43,2023-05-13T15:14:00Z
941,placeat omnis iste,91,43,2023-05-13T15:14:00Z
942,repellat quia minima,5,44,2023-05-13T15:14:00Z
943,aut corrupti laborum,14,44,2023-05-13T15:14:00Z
944,quis aperiam dolore,21,44,2023-05-13T15:14:00Z
945,voluptas cumque modi,24,44,2023-05-13T15:14:00Z
946,nihil illo tempora,36,44,2023-05-13T15:14:00Z
947,unde eos pariatur,41,44,2023-05-13T15:14:00Z
948,sed blanditiis rerum,54,44,2023-05-13T15:14:00Z
949,occaecati iure libero,57,44,2023-05-13T15:14:00Z
950,dolores hic animi,66,44,2023-05-13T15:14:00Z
951,provident ea repellat,71,44,2023-05-13T15:14:00Z
952,assumenda quasi iste,75,44,2023-05-13T15:14:00Z
953,itaque magni error,76,44,2023-05-13T15:14:00Z
954,repudiandae ut omnis,91,44,2023-05-13T15:14:00Z
955,minus modi accusamus,98,44,2023-05-13T15:14:00Z
956,pariatur ipsa vero,2,45,2023-05-13T15:14:00Z
957,velit laborum fuga,5,45,2023-05-13T15:14:00Z
958,non cupiditate saepe,14,45,2023-05-13T15:14:00Z
959,occaecati dolore iste,21,45,2023-05-13T15:14:00Z
960,quis aperiam harum,24,45,2023-05-13T15:14:00Z
961,dolorem sint animi,36,45,2023-05-13T15:14:00Z
962,excepturi nulla quasi,41,45,2023-05-13T15:14:00Z
963,perspiciatis et eos,54,45,2023-05-13T15:14:00Z
964,voluptas cumque iure,57,45,2023-05-13T15:14:00Z
965,rem fugiat dolorem,66,45,2023-05-13T15:14:00Z
966,assumenda ut porro,71,45,2023-05-13T15:14:00Z
967,eaque labore magni,75,45,2023-05-13T15:14:00Z
968,odit libero deleniti,76,45,2023-05-13T15:14:00Z
969,culpa ratione sed,87,45,2023-05-13T15:14:00Z
970,animi molestiae optio,91,45,2023-05-13T15:14:00Z
971,sapiente illo minima,5,46,2023-05-13T15:14:00Z
972,explicabo qui voluptas,14,46,2023-05-13T15:14:00Z
973,dolores ab laborum,21,46,2023-05-13T15:14:00Z
974,nihil aut repellat,24,46,2023-05-13T15:14:00Z
975,veritatis et temporibus,36,46,2023-05-13T15:14:00Z
976,unde molestias earum,41,46,2023-05-13T15:14:00Z
977,quisquam modi esse,54,46,2023-05-13T15:14:00Z
978,illo aspernatur ducimus,57,46,2023-05-13T15:14:00Z
979,provident sit aperiam,66,46,2023-05-13T15:14:00Z
980,recusandae enim atque,71,46,2023-05-13T15:14:00Z
981,ipsum doloribus harum,75,46,2023-05-13T15:14:00Z
982,autem repellendus dicta,76,46,2023-05-13T15:14:00Z
983,est laudantium quia,91,46,2023-05-13T15:14:00Z
984,voluptatum hic facere,97,46,2023-05-13T15:14:00Z
985,sequi ut inventore,2,47,2023-05-13T15:14:00Z
986,consectetur alias magni,5,47,2023-05-13T15:14:00Z
987,rerum optio fugiat,14,47,2023-05-13T15:14:00Z
988,vel accusamus expedita,21,47,2023-05-13T15:14:00Z
989,dolor asperiores quasi,24,47,2023-05-13T15:14:00Z
990,occaecati saepe nemo,36,47,2023-05-13T15:14:00Z
991,et delectus pariatur,41,47,2023-05-13T15:14:00Z
992,quisquam eos labore,54,47,2023-05-13T15:14:00Z
993,impedit nulla voluptas,57,47,2023-05-13T15:14:00Z
994,non molestiae corporis,66,47,2023-05-13T15:14:00Z
995,voluptate id tenetur,71,47,2023-05-13T15:14:00Z
996,exercitationem qui ut,75,47,2023-05-13T15:14:00Z
997,doloremque sed magni,76,47,2023-05-13T15:14:00Z
998,aspernatur et alias,87,47,2023-05-13T15:14:00Z
999,placeat omnis iste,91,47,2023-05-13T15:14:00Z
1000,repellat quia minima,98,47,2023-05-13T15:14:00Z